Model,Train Accuracy,Test Accuracy,Train Precision,Test Precision,Train Recall,Test Recall,Train F1,Test F1,Train ROC AUC,Test ROC AUC,Overfitting
Logistic Regression,0.9961508520024219,0.9950524167041483,0.9943716086414344,0.9939131610983363,0.990665502652609,0.9868385710448563,0.9925150959581518,0.9903632320237212,0.9989020213943026,0.9983543629056737,0.0010984352982735812
Random Forest,0.9983565435515959,0.9962287651800851,0.9994598973805023,0.9955423476968797,0.9941575448257337,0.9897931775449906,0.9968016698649969,0.9926594383460166,0.9994092492174739,0.9985865546408047,0.002127778371510791
